dataset,n_molecules,n_valid_smiles,valid_smiles_fraction,mean_MolWt,std_MolWt,median_MolWt,mean_LogP,std_LogP,median_LogP,mean_TPSA,std_TPSA,median_TPSA,mean_RingCount,std_RingCount,median_RingCount,mean_NumRotatableBonds,std_NumRotatableBonds,median_NumRotatableBonds,mean_NumHDonors,std_NumHDonors,median_NumHDonors,mean_NumHAcceptors,std_NumHAcceptors,median_NumHAcceptors
nmrexp,1042338,1042338,1.0,323.9045271668117,101.35586334872883,310.78400000000005,4.204484261352845,1.805870642246006,4.050500000000003,40.88479462515997,24.155445562832902,38.33,2.6865776744203895,1.4230684342714142,3.0,4.10123395673956,2.582574506488562,4.0,0.42201569932210087,0.645675837914919,0.0,2.890713952671782,1.6438722420529193,3.0
spectranp,759824,759824,1.0,465.5120858290868,219.63140892083882,417.5460000000002,3.105260943494811,3.050428950094488,3.0694000000000017,113.27531644170224,85.82412660867524,89.13000000000001,3.834294520836404,2.335666002914543,4.0,6.289177493735392,6.217818602172021,5.0,2.971426277664301,3.2890594973105576,2.0,6.856848428057024,4.967117981724865,6.0
uspto,754618,754618,1.0,325.95932971384195,96.15035031090197,325.386,3.178887040462859,1.5922150726026723,3.148200000000001,61.09020728368527,28.135701805900023,58.89,2.6432539377539364,1.277746237176426,3.0,4.207345968423759,2.597141472032957,4.0,1.0440010707404277,0.9593357752966469,1.0,4.0762398988627355,1.8416810710336449,4.0
